frame_number,ID,LT,RB,score
0,2,"(486, 166)","(639, 349)",0.26
1,2,"(486, 166)","(639, 349)",0.26
2,2,"(486, 166)","(639, 349)",0.26
3,2,"(485, 166)","(638, 349)",0.26
4,2,"(485, 167)","(639, 349)",0.26
5,2,"(485, 166)","(639, 350)",0.25
6,2,"(485, 166)","(638, 350)",0.25
7,2,"(485, 166)","(638, 350)",0.25
8,2,"(485, 166)","(638, 350)",0.25
9,2,"(484, 166)","(638, 350)",0.25
10,2,"(484, 167)","(638, 351)",0.25
11,2,"(485, 167)","(637, 351)",0.25
12,2,"(485, 167)","(637, 351)",0.26
13,2,"(484, 167)","(637, 351)",0.26
14,2,"(484, 168)","(637, 352)",0.25
15,2,"(484, 167)","(637, 355)",0.25
16,2,"(483, 169)","(635, 358)",0.26
17,2,"(483, 169)","(635, 358)",0.26
18,2,"(483, 170)","(633, 359)",0.26
19,2,"(481, 171)","(634, 360)",0.27
20,2,"(482, 171)","(635, 360)",0.28
21,2,"(483, 171)","(635, 357)",0.27
22,2,"(484, 171)","(635, 357)",0.27
23,2,"(484, 171)","(634, 357)",0.27
24,2,"(483, 169)","(636, 359)",0.27
25,2,"(484, 170)","(634, 358)",0.27
26,2,"(484, 170)","(634, 357)",0.27
27,2,"(485, 170)","(635, 357)",0.27
28,2,"(485, 170)","(635, 357)",0.27
29,2,"(485, 170)","(636, 357)",0.27
30,2,"(486, 170)","(637, 356)",0.27
31,2,"(486, 168)","(638, 356)",0.27
32,2,"(486, 170)","(637, 355)",0.28
33,2,"(486, 167)","(639, 355)",0.27
34,2,"(486, 168)","(639, 355)",0.27
35,2,"(488, 167)","(639, 355)",0.27
36,2,"(488, 168)","(639, 352)",0.27
37,2,"(488, 168)","(639, 352)",0.27
38,2,"(489, 167)","(639, 353)",0.27
39,2,"(488, 167)","(639, 355)",0.27
40,2,"(490, 167)","(641, 353)",0.24
41,2,"(490, 166)","(642, 354)",0.25
42,2,"(490, 167)","(642, 355)",0.24
43,2,"(490, 167)","(642, 356)",0.26
44,2,"(490, 168)","(642, 355)",0.26
45,2,"(491, 168)","(643, 354)",0.26
46,2,"(491, 167)","(643, 355)",0.26
47,2,"(491, 168)","(642, 355)",0.26
48,2,"(490, 167)","(642, 356)",0.26
49,2,"(490, 167)","(642, 357)",0.24
50,2,"(490, 166)","(643, 356)",0.23
51,2,"(490, 165)","(644, 356)",0.23
52,2,"(490, 165)","(644, 356)",0.23
53,2,"(490, 166)","(643, 357)",0.24
54,2,"(490, 165)","(643, 355)",0.23
55,2,"(490, 164)","(643, 355)",0.23
56,2,"(490, 164)","(644, 353)",0.24
57,2,"(490, 164)","(643, 353)",0.24
58,2,"(491, 165)","(643, 352)",0.24
59,2,"(490, 166)","(642, 352)",0.25
60,2,"(491, 166)","(643, 352)",0.25
61,2,"(491, 167)","(643, 353)",0.25
62,2,"(491, 167)","(643, 353)",0.25
63,2,"(488, 166)","(642, 355)",0.24
64,2,"(488, 166)","(642, 357)",0.24
65,2,"(489, 165)","(642, 354)",0.24
66,2,"(488, 165)","(642, 355)",0.23
67,2,"(488, 165)","(642, 355)",0.24
68,2,"(487, 165)","(642, 356)",0.23
69,2,"(487, 165)","(642, 356)",0.23
70,2,"(489, 166)","(643, 352)",0.25
71,2,"(489, 165)","(643, 352)",0.25
72,2,"(489, 165)","(643, 352)",0.25
73,2,"(489, 165)","(642, 353)",0.25
74,2,"(489, 165)","(643, 352)",0.25
75,2,"(489, 164)","(642, 353)",0.24
76,2,"(489, 164)","(642, 353)",0.24
77,2,"(489, 165)","(642, 354)",0.24
78,2,"(489, 164)","(643, 353)",0.24
79,2,"(490, 165)","(642, 353)",0.25
80,2,"(491, 165)","(643, 353)",0.24
81,2,"(492, 166)","(644, 353)",0.24
82,2,"(492, 166)","(644, 352)",0.25
83,2,"(492, 166)","(645, 353)",0.25
84,2,"(491, 165)","(643, 351)",0.23
85,2,"(491, 165)","(644, 353)",0.23
86,2,"(491, 166)","(643, 352)",0.24
87,2,"(491, 166)","(643, 352)",0.24
88,2,"(491, 166)","(643, 352)",0.24
89,2,"(491, 165)","(644, 352)",0.24
90,2,"(490, 166)","(643, 355)",0.24
91,2,"(490, 166)","(643, 355)",0.24
92,2,"(492, 164)","(643, 349)",0.24
93,2,"(492, 164)","(643, 349)",0.23
94,2,"(491, 164)","(643, 349)",0.24
95,2,"(491, 165)","(643, 352)",0.24
96,2,"(488, 164)","(642, 354)",0.24
97,2,"(488, 164)","(642, 354)",0.24
98,2,"(489, 164)","(643, 354)",0.24
99,2,"(488, 164)","(642, 355)",0.24
100,2,"(489, 167)","(641, 352)",0.25
101,2,"(489, 172)","(640, 356)",0.24
102,2,"(489, 175)","(640, 360)",0.24
103,2,"(489, 174)","(640, 360)",0.24
104,2,"(492, 181)","(639, 362)",0.25
105,1,"(494, 192)","(637, 370)",0.27
106,2,"(494, 197)","(636, 376)",0.27
108,2,"(495, 198)","(639, 379)",0.26
125,2,"(496, 198)","(641, 381)",0.28
126,2,"(496, 199)","(640, 381)",0.28
127,2,"(495, 196)","(641, 380)",0.25
128,2,"(495, 195)","(641, 380)",0.25
129,2,"(495, 196)","(640, 380)",0.26
130,1,"(496, 196)","(640, 378)",0.29
131,1,"(496, 197)","(639, 378)",0.29
132,1,"(496, 197)","(640, 378)",0.29
133,1,"(496, 198)","(639, 378)",0.29
139,2,"(489, 178)","(643, 365)",0.25
140,2,"(491, 170)","(643, 359)",0.28
141,2,"(491, 170)","(643, 357)",0.28
142,2,"(491, 169)","(642, 356)",0.29
143,2,"(490, 168)","(642, 356)",0.28
144,2,"(490, 168)","(642, 356)",0.29
145,2,"(491, 167)","(643, 353)",0.29
146,2,"(490, 166)","(642, 354)",0.26
147,2,"(489, 166)","(643, 355)",0.25
148,2,"(489, 166)","(643, 355)",0.25
149,2,"(489, 165)","(643, 355)",0.25
150,2,"(492, 164)","(642, 345)",0.25
151,2,"(491, 164)","(643, 347)",0.25
152,2,"(490, 164)","(643, 349)",0.26
153,2,"(490, 164)","(643, 350)",0.26
154,2,"(490, 164)","(643, 350)",0.26
155,2,"(491, 165)","(644, 351)",0.26
156,2,"(491, 165)","(643, 351)",0.26
157,2,"(491, 165)","(643, 352)",0.26
158,2,"(491, 166)","(644, 352)",0.26
159,2,"(490, 166)","(644, 352)",0.26
160,2,"(492, 166)","(644, 352)",0.28
161,2,"(490, 167)","(642, 358)",0.26
162,2,"(490, 166)","(643, 362)",0.24
163,2,"(489, 166)","(642, 362)",0.24
164,2,"(489, 166)","(642, 361)",0.24
165,2,"(491, 165)","(641, 347)",0.24
166,2,"(491, 164)","(641, 344)",0.25
167,2,"(491, 164)","(641, 344)",0.25
168,2,"(491, 164)","(641, 344)",0.25
169,2,"(491, 164)","(641, 345)",0.25
170,2,"(490, 164)","(641, 349)",0.26
171,2,"(491, 165)","(643, 352)",0.26
172,2,"(490, 164)","(643, 352)",0.25
173,2,"(490, 164)","(643, 352)",0.26
174,2,"(490, 164)","(643, 353)",0.26
175,2,"(491, 165)","(644, 354)",0.25
176,2,"(491, 165)","(644, 356)",0.25
177,2,"(490, 165)","(644, 358)",0.25
178,2,"(489, 165)","(645, 358)",0.26
179,2,"(490, 165)","(644, 358)",0.25
180,2,"(491, 167)","(643, 352)",0.26
181,2,"(491, 167)","(643, 352)",0.26
182,2,"(491, 167)","(643, 352)",0.25
183,2,"(491, 167)","(644, 352)",0.26
184,2,"(491, 166)","(644, 353)",0.26
185,2,"(492, 166)","(644, 350)",0.26
186,2,"(492, 166)","(644, 350)",0.26
187,2,"(492, 166)","(644, 351)",0.26
188,2,"(492, 166)","(644, 351)",0.26
189,2,"(492, 166)","(644, 350)",0.26
190,2,"(491, 167)","(643, 352)",0.27
191,2,"(491, 167)","(643, 353)",0.27
192,2,"(491, 167)","(642, 354)",0.27
193,2,"(491, 167)","(642, 353)",0.27
194,2,"(490, 167)","(642, 356)",0.27
195,2,"(489, 168)","(643, 357)",0.25
196,2,"(489, 169)","(643, 356)",0.25
197,2,"(489, 169)","(643, 356)",0.26
198,2,"(490, 169)","(643, 356)",0.26
199,2,"(490, 169)","(643, 357)",0.25
200,2,"(492, 169)","(644, 356)",0.24
201,2,"(1241, 269)","(1543, 663)",0.09
201,2,"(491, 167)","(645, 357)",0.23
202,2,"(1241, 269)","(1542, 663)",0.10
202,2,"(492, 167)","(645, 355)",0.24
203,2,"(492, 167)","(645, 355)",0.24
204,2,"(492, 167)","(644, 355)",0.24
205,2,"(492, 167)","(644, 354)",0.23
206,2,"(492, 167)","(645, 354)",0.25
207,2,"(493, 168)","(644, 354)",0.24
208,2,"(493, 168)","(645, 354)",0.24
209,2,"(492, 167)","(645, 354)",0.24
210,2,"(491, 166)","(645, 354)",0.24
211,2,"(1241, 269)","(1543, 663)",0.10
211,2,"(491, 164)","(644, 352)",0.24
212,2,"(1241, 269)","(1543, 663)",0.09
212,2,"(491, 164)","(644, 352)",0.23
213,2,"(1241, 269)","(1542, 663)",0.09
213,2,"(490, 164)","(645, 352)",0.24
214,2,"(490, 164)","(643, 352)",0.24
215,2,"(489, 164)","(643, 354)",0.24
216,2,"(1241, 269)","(1543, 663)",0.10
216,2,"(490, 163)","(643, 352)",0.24
217,2,"(1241, 269)","(1543, 663)",0.10
217,2,"(491, 163)","(643, 349)",0.24
218,2,"(1241, 269)","(1543, 663)",0.10
218,2,"(491, 163)","(643, 349)",0.24
219,2,"(1241, 269)","(1543, 663)",0.10
219,2,"(490, 162)","(643, 350)",0.24
220,2,"(491, 164)","(642, 352)",0.26
221,2,"(490, 164)","(644, 357)",0.24
222,2,"(490, 165)","(643, 358)",0.24
223,2,"(490, 165)","(643, 358)",0.24
224,2,"(491, 164)","(644, 355)",0.25
225,2,"(491, 164)","(644, 352)",0.25
226,2,"(493, 165)","(643, 350)",0.25
227,2,"(494, 165)","(644, 348)",0.26
228,2,"(493, 164)","(644, 348)",0.26
229,2,"(493, 164)","(644, 346)",0.26
230,2,"(493, 164)","(644, 346)",0.25
231,2,"(491, 163)","(644, 352)",0.25
232,2,"(491, 163)","(644, 351)",0.25
233,2,"(491, 163)","(644, 351)",0.25
234,2,"(491, 163)","(642, 349)",0.25
235,2,"(491, 163)","(642, 348)",0.24
236,2,"(492, 165)","(642, 350)",0.25
237,2,"(492, 167)","(643, 350)",0.25
238,2,"(491, 166)","(643, 351)",0.25
239,2,"(492, 168)","(643, 353)",0.25
240,2,"(491, 167)","(642, 354)",0.26
241,2,"(491, 167)","(642, 353)",0.26
242,2,"(492, 166)","(643, 353)",0.25
243,2,"(492, 166)","(643, 353)",0.25
244,2,"(492, 167)","(644, 353)",0.25
245,2,"(492, 166)","(643, 353)",0.25
246,2,"(493, 167)","(644, 354)",0.25
247,2,"(492, 167)","(644, 355)",0.24
248,2,"(492, 166)","(644, 355)",0.24
249,2,"(492, 165)","(644, 356)",0.23
250,2,"(492, 166)","(645, 356)",0.23
251,2,"(497, 166)","(646, 356)",0.24
252,2,"(497, 166)","(646, 355)",0.25
253,2,"(497, 166)","(646, 355)",0.25
254,2,"(495, 165)","(646, 357)",0.24
256,2,"(496, 166)","(646, 359)",0.25
257,2,"(496, 166)","(647, 358)",0.25
258,2,"(493, 166)","(645, 359)",0.23
259,2,"(493, 167)","(644, 359)",0.25
260,2,"(492, 166)","(644, 360)",0.23
261,2,"(493, 167)","(645, 357)",0.25
262,2,"(494, 167)","(645, 355)",0.25
263,2,"(494, 167)","(645, 355)",0.25
264,2,"(494, 166)","(645, 354)",0.25
305,2,"(497, 166)","(645, 347)",0.25
306,2,"(495, 165)","(646, 350)",0.26
307,2,"(495, 164)","(647, 352)",0.26
308,2,"(495, 165)","(646, 353)",0.26
309,2,"(495, 165)","(646, 352)",0.26
324,2,"(500, 165)","(646, 348)",0.26
325,2,"(499, 166)","(645, 345)",0.26
328,2,"(495, 168)","(645, 354)",0.26
329,2,"(494, 169)","(644, 354)",0.26
330,2,"(495, 168)","(646, 354)",0.26
331,2,"(495, 168)","(647, 353)",0.26
332,2,"(495, 167)","(646, 354)",0.27
333,2,"(495, 167)","(647, 354)",0.26
334,2,"(495, 167)","(647, 354)",0.27
335,2,"(495, 168)","(646, 350)",0.27
336,2,"(495, 168)","(645, 350)",0.26
337,2,"(495, 169)","(645, 349)",0.25
338,2,"(494, 168)","(646, 351)",0.26
339,2,"(494, 169)","(646, 351)",0.26
340,1,"(495, 168)","(646, 351)",0.27
341,2,"(496, 171)","(643, 350)",0.26
342,2,"(497, 170)","(645, 351)",0.27
343,2,"(498, 168)","(647, 352)",0.27
344,2,"(498, 169)","(646, 352)",0.27
345,2,"(498, 169)","(646, 350)",0.27
346,2,"(498, 169)","(646, 351)",0.27
347,2,"(497, 171)","(644, 351)",0.27
348,2,"(496, 171)","(644, 352)",0.27
349,2,"(497, 171)","(645, 351)",0.27
350,2,"(497, 171)","(644, 352)",0.27
351,2,"(497, 170)","(645, 354)",0.26
352,2,"(497, 170)","(645, 354)",0.26
353,2,"(497, 170)","(646, 355)",0.27
354,2,"(497, 170)","(646, 355)",0.27
355,2,"(498, 168)","(647, 355)",0.27
356,2,"(497, 167)","(647, 358)",0.28
357,2,"(497, 168)","(647, 358)",0.27
358,2,"(496, 169)","(646, 358)",0.27
359,2,"(496, 169)","(645, 358)",0.27
360,2,"(495, 169)","(644, 357)",0.26
361,2,"(494, 168)","(645, 357)",0.26
362,2,"(494, 168)","(645, 357)",0.26
363,2,"(495, 169)","(645, 355)",0.25
364,2,"(495, 170)","(645, 355)",0.25
365,2,"(498, 172)","(644, 351)",0.27
368,2,"(496, 166)","(644, 346)",0.27
369,2,"(496, 166)","(645, 347)",0.27
370,2,"(495, 165)","(644, 348)",0.26
371,2,"(494, 165)","(644, 347)",0.27
372,2,"(494, 166)","(645, 349)",0.27
373,2,"(493, 165)","(644, 350)",0.27
374,2,"(493, 166)","(644, 350)",0.27
375,2,"(493, 166)","(645, 351)",0.26
376,2,"(492, 166)","(645, 353)",0.26
377,2,"(492, 167)","(644, 353)",0.26
378,2,"(493, 167)","(645, 353)",0.26
379,2,"(493, 167)","(645, 353)",0.27
380,2,"(493, 167)","(645, 353)",0.27
381,2,"(492, 166)","(645, 355)",0.27
382,2,"(493, 167)","(646, 355)",0.26
383,2,"(493, 166)","(646, 355)",0.26
384,2,"(493, 166)","(646, 355)",0.26
385,2,"(492, 167)","(645, 355)",0.26
386,2,"(492, 167)","(645, 356)",0.26
387,2,"(493, 167)","(643, 351)",0.27
388,2,"(494, 166)","(642, 349)",0.27
389,2,"(494, 166)","(642, 349)",0.26
390,2,"(493, 165)","(642, 350)",0.27
391,2,"(492, 164)","(643, 351)",0.27
392,2,"(492, 164)","(643, 349)",0.27
393,1,"(493, 164)","(643, 350)",0.28
394,1,"(493, 165)","(644, 351)",0.28
395,1,"(492, 165)","(644, 352)",0.28
396,2,"(492, 166)","(644, 353)",0.27
397,2,"(492, 166)","(644, 352)",0.27
398,2,"(494, 166)","(644, 348)",0.27
399,2,"(495, 166)","(644, 348)",0.27
400,2,"(497, 167)","(645, 347)",0.27
401,2,"(495, 167)","(645, 351)",0.27
402,2,"(495, 167)","(645, 353)",0.26
403,1,"(499, 168)","(647, 353)",0.27
404,2,"(496, 168)","(645, 355)",0.27
405,2,"(500, 167)","(648, 354)",0.27
406,2,"(501, 168)","(648, 354)",0.27
407,2,"(501, 168)","(648, 353)",0.27
408,2,"(502, 168)","(648, 352)",0.27
409,2,"(500, 169)","(648, 353)",0.27
410,2,"(501, 170)","(648, 350)",0.27
565,2,"(732, 168)","(1032, 559)",0.10
566,2,"(737, 170)","(1033, 557)",0.10
567,2,"(751, 184)","(1040, 553)",0.09
568,2,"(758, 186)","(1043, 554)",0.09
569,2,"(758, 186)","(1043, 554)",0.09
570,2,"(764, 188)","(1047, 558)",0.09
571,2,"(767, 191)","(1049, 559)",0.09
572,2,"(772, 195)","(1055, 563)",0.10
573,2,"(776, 195)","(1059, 562)",0.10
574,2,"(776, 195)","(1059, 562)",0.10
575,2,"(779, 197)","(1062, 561)",0.10
576,2,"(781, 197)","(1065, 560)",0.11
577,2,"(784, 201)","(1070, 561)",0.14
578,2,"(786, 202)","(1071, 561)",0.17
579,2,"(788, 202)","(1072, 563)",0.20
580,2,"(789, 202)","(1072, 563)",0.20
581,2,"(788, 202)","(1073, 563)",0.20
582,2,"(791, 212)","(1074, 561)",0.24
583,2,"(792, 209)","(1075, 562)",0.24
584,2,"(794, 209)","(1076, 559)",0.24
585,2,"(794, 210)","(1076, 559)",0.24
586,2,"(794, 210)","(1075, 559)",0.25
587,2,"(791, 208)","(1071, 558)",0.24
588,2,"(792, 205)","(1071, 557)",0.24
589,2,"(794, 203)","(1073, 554)",0.24
590,2,"(794, 204)","(1073, 554)",0.24
597,2,"(776, 196)","(1059, 561)",0.24
598,2,"(772, 197)","(1058, 563)",0.22
599,2,"(768, 196)","(1055, 566)",0.22
600,2,"(769, 198)","(1055, 565)",0.23
601,2,"(766, 196)","(1054, 568)",0.21
602,2,"(760, 197)","(1051, 575)",0.21
603,2,"(758, 197)","(1049, 573)",0.22
604,2,"(759, 199)","(1049, 566)",0.24
605,2,"(759, 199)","(1049, 567)",0.24
606,2,"(760, 200)","(1048, 564)",0.25
607,2,"(759, 200)","(1046, 570)",0.23
608,2,"(759, 200)","(1046, 569)",0.24
609,2,"(757, 198)","(1045, 570)",0.24
610,2,"(759, 200)","(1045, 569)",0.24
611,2,"(757, 200)","(1044, 568)",0.24
612,2,"(758, 198)","(1040, 558)",0.25
613,2,"(758, 198)","(1039, 556)",0.26
614,2,"(755, 200)","(1042, 558)",0.26
615,2,"(755, 200)","(1042, 558)",0.26
616,2,"(754, 200)","(1042, 559)",0.26
617,2,"(750, 201)","(1039, 563)",0.24
618,2,"(750, 202)","(1038, 563)",0.24
619,2,"(750, 200)","(1036, 560)",0.24
620,2,"(750, 201)","(1036, 559)",0.24
621,2,"(749, 200)","(1036, 560)",0.24
622,2,"(746, 195)","(1035, 559)",0.23
623,2,"(749, 196)","(1035, 556)",0.23
627,2,"(748, 178)","(1036, 545)",0.21
628,2,"(746, 179)","(1036, 546)",0.20
629,2,"(746, 180)","(1035, 545)",0.20
630,2,"(747, 179)","(1035, 546)",0.20
631,2,"(745, 180)","(1035, 547)",0.20
632,2,"(741, 188)","(1032, 564)",0.20
633,2,"(739, 198)","(1029, 566)",0.20
634,2,"(744, 203)","(1031, 570)",0.20
635,2,"(745, 203)","(1031, 570)",0.19
636,2,"(744, 207)","(1031, 575)",0.18
637,2,"(750, 216)","(1040, 579)",0.22
638,2,"(752, 213)","(1043, 578)",0.23
639,2,"(750, 201)","(1043, 576)",0.31
640,2,"(750, 202)","(1041, 575)",0.31
641,2,"(750, 184)","(1047, 571)",0.43
642,Unknown,"(753, 168)","(1059, 575)",0.54
643,2,"(422, 301)","(612, 547)",0.28
644,2,"(423, 301)","(612, 549)",0.28
645,2,"(423, 300)","(612, 549)",0.28
646,2,"(422, 303)","(610, 547)",0.28
647,2,"(423, 303)","(611, 548)",0.29
648,2,"(423, 304)","(611, 549)",0.29
649,2,"(423, 304)","(611, 549)",0.29
650,2,"(423, 304)","(611, 549)",0.29
651,2,"(423, 304)","(611, 549)",0.29
652,2,"(423, 304)","(611, 549)",0.29
653,2,"(423, 304)","(611, 549)",0.29
654,2,"(423, 304)","(611, 549)",0.29
655,2,"(423, 303)","(611, 549)",0.29
656,2,"(423, 303)","(611, 549)",0.29
657,2,"(423, 303)","(611, 549)",0.29
658,2,"(423, 303)","(611, 549)",0.29
659,2,"(422, 303)","(611, 549)",0.29
660,2,"(422, 303)","(611, 549)",0.29
661,2,"(422, 303)","(611, 549)",0.29
662,2,"(422, 303)","(611, 549)",0.29
663,2,"(422, 303)","(611, 549)",0.29
664,2,"(422, 303)","(611, 549)",0.29
665,2,"(422, 303)","(611, 549)",0.29
666,2,"(422, 303)","(611, 549)",0.29
667,2,"(422, 303)","(611, 549)",0.29
668,2,"(422, 303)","(611, 549)",0.29
669,2,"(422, 303)","(611, 549)",0.29
670,2,"(422, 303)","(611, 549)",0.29
671,2,"(422, 303)","(611, 549)",0.29
672,2,"(423, 303)","(611, 549)",0.29
673,2,"(423, 303)","(611, 549)",0.29
674,2,"(423, 303)","(611, 549)",0.29
675,2,"(423, 303)","(611, 549)",0.29
676,2,"(423, 303)","(611, 549)",0.29
677,2,"(423, 303)","(611, 549)",0.29
678,2,"(423, 303)","(611, 549)",0.29
679,2,"(423, 303)","(611, 549)",0.29
680,2,"(423, 303)","(611, 549)",0.29
681,2,"(423, 303)","(611, 549)",0.29
682,2,"(423, 303)","(611, 549)",0.29
683,2,"(423, 303)","(611, 549)",0.29
684,2,"(423, 303)","(611, 549)",0.29
685,2,"(423, 303)","(611, 549)",0.29
686,2,"(423, 303)","(611, 549)",0.29
687,2,"(423, 303)","(611, 549)",0.29
688,2,"(423, 303)","(611, 549)",0.29
689,2,"(423, 303)","(611, 549)",0.29
690,2,"(423, 303)","(611, 549)",0.29
691,2,"(423, 303)","(611, 549)",0.29
692,2,"(423, 303)","(611, 549)",0.29
693,2,"(423, 303)","(611, 549)",0.29
694,2,"(423, 303)","(611, 549)",0.29
695,2,"(423, 303)","(611, 549)",0.29
696,2,"(423, 303)","(611, 549)",0.29
697,2,"(423, 303)","(611, 549)",0.29
698,2,"(423, 303)","(611, 549)",0.29
699,2,"(423, 303)","(611, 549)",0.29
700,2,"(422, 306)","(610, 551)",0.29
701,2,"(422, 306)","(610, 550)",0.29
702,2,"(422, 306)","(610, 550)",0.29
703,2,"(422, 306)","(610, 550)",0.29
704,2,"(422, 306)","(610, 550)",0.29
705,2,"(422, 306)","(610, 550)",0.30
706,2,"(422, 306)","(610, 550)",0.29
707,2,"(422, 306)","(610, 550)",0.29
708,2,"(422, 306)","(610, 550)",0.29
709,2,"(422, 306)","(610, 550)",0.29
710,2,"(422, 306)","(610, 550)",0.29
711,2,"(422, 306)","(610, 550)",0.29
712,2,"(422, 306)","(610, 550)",0.29
713,2,"(422, 306)","(610, 550)",0.29
714,2,"(422, 306)","(610, 550)",0.29
715,2,"(422, 306)","(610, 550)",0.29
716,2,"(422, 306)","(610, 550)",0.29
717,2,"(422, 306)","(610, 550)",0.29
718,2,"(422, 306)","(610, 550)",0.29
719,2,"(422, 306)","(610, 550)",0.29
720,2,"(422, 306)","(610, 550)",0.29
721,2,"(422, 306)","(610, 550)",0.29
722,2,"(422, 306)","(610, 550)",0.29
723,2,"(422, 306)","(610, 550)",0.29
724,2,"(422, 306)","(610, 550)",0.29
725,2,"(422, 306)","(610, 550)",0.29
726,2,"(422, 306)","(610, 550)",0.29
727,2,"(422, 306)","(610, 550)",0.29
728,2,"(422, 306)","(610, 550)",0.29
729,2,"(422, 306)","(610, 550)",0.29
730,2,"(422, 306)","(610, 550)",0.29
731,2,"(422, 306)","(610, 550)",0.29
732,2,"(422, 306)","(610, 550)",0.29
733,2,"(422, 306)","(610, 550)",0.29
734,2,"(422, 306)","(610, 550)",0.29
735,2,"(422, 306)","(610, 550)",0.29
736,2,"(422, 306)","(610, 550)",0.29
737,2,"(422, 306)","(610, 550)",0.29
738,2,"(422, 306)","(610, 550)",0.29
739,2,"(422, 306)","(610, 550)",0.29
740,2,"(422, 306)","(610, 550)",0.29
741,2,"(422, 306)","(610, 550)",0.29
742,2,"(422, 306)","(610, 550)",0.29
743,2,"(422, 306)","(610, 550)",0.29
744,2,"(422, 306)","(610, 550)",0.29
745,2,"(422, 306)","(610, 550)",0.29
746,2,"(422, 306)","(610, 550)",0.29
747,2,"(422, 306)","(610, 550)",0.29
748,2,"(422, 306)","(610, 550)",0.29
749,2,"(422, 306)","(610, 550)",0.29
750,2,"(422, 306)","(610, 550)",0.29
751,2,"(422, 306)","(610, 550)",0.29
752,2,"(422, 306)","(610, 550)",0.29
753,2,"(422, 306)","(610, 550)",0.29
754,2,"(422, 306)","(610, 550)",0.29
755,2,"(422, 306)","(610, 550)",0.29
756,2,"(422, 306)","(610, 550)",0.29
757,2,"(422, 306)","(610, 550)",0.29
758,2,"(422, 306)","(610, 550)",0.29
759,2,"(422, 306)","(610, 550)",0.29
760,2,"(422, 306)","(610, 550)",0.29
761,2,"(422, 306)","(610, 550)",0.29
762,2,"(422, 306)","(610, 550)",0.29
763,2,"(422, 306)","(610, 550)",0.29
764,2,"(422, 306)","(610, 550)",0.29
765,2,"(422, 306)","(610, 550)",0.29
766,2,"(422, 306)","(610, 550)",0.29
767,2,"(422, 306)","(610, 550)",0.29
768,2,"(422, 306)","(610, 550)",0.29
769,2,"(422, 306)","(610, 550)",0.29
770,2,"(422, 306)","(610, 550)",0.29
771,2,"(422, 306)","(610, 550)",0.29
772,2,"(422, 306)","(610, 550)",0.29
773,2,"(422, 306)","(610, 550)",0.29
774,2,"(422, 306)","(610, 550)",0.29
775,2,"(422, 306)","(610, 550)",0.29
776,2,"(422, 306)","(610, 550)",0.29
777,2,"(422, 306)","(610, 550)",0.29
778,2,"(422, 306)","(610, 550)",0.29
779,2,"(422, 306)","(610, 550)",0.29
780,2,"(422, 306)","(610, 550)",0.29
781,2,"(422, 306)","(610, 550)",0.29
782,2,"(422, 306)","(610, 550)",0.29
783,2,"(422, 306)","(610, 550)",0.29
784,2,"(422, 306)","(610, 550)",0.29
785,2,"(422, 306)","(610, 550)",0.29
786,2,"(422, 306)","(610, 550)",0.29
787,2,"(422, 306)","(610, 550)",0.29
788,2,"(422, 306)","(610, 550)",0.29
789,2,"(422, 306)","(610, 550)",0.29
790,2,"(422, 306)","(610, 550)",0.29
791,2,"(422, 306)","(610, 550)",0.29
792,2,"(422, 306)","(610, 550)",0.29
793,2,"(422, 306)","(610, 550)",0.29
794,2,"(422, 306)","(610, 550)",0.29
795,2,"(422, 306)","(610, 550)",0.29
796,2,"(422, 306)","(610, 550)",0.29
797,2,"(422, 306)","(610, 550)",0.29
798,2,"(422, 306)","(610, 550)",0.29
799,2,"(422, 306)","(610, 550)",0.29
800,2,"(423, 307)","(609, 550)",0.29
801,2,"(423, 307)","(609, 550)",0.29
802,2,"(423, 307)","(609, 550)",0.29
803,2,"(423, 307)","(609, 550)",0.29
804,2,"(423, 307)","(609, 550)",0.29
805,2,"(423, 307)","(609, 550)",0.29
806,2,"(423, 307)","(609, 550)",0.29
807,2,"(423, 307)","(609, 550)",0.29
808,2,"(423, 307)","(609, 550)",0.29
809,2,"(423, 307)","(609, 550)",0.29
810,2,"(423, 307)","(609, 550)",0.29
811,2,"(423, 307)","(609, 550)",0.29
812,2,"(423, 307)","(609, 550)",0.29
813,2,"(423, 307)","(609, 550)",0.29
814,2,"(423, 307)","(609, 550)",0.29
815,2,"(423, 307)","(609, 550)",0.29
816,2,"(423, 307)","(609, 550)",0.29
817,2,"(423, 307)","(609, 550)",0.29
818,2,"(423, 307)","(609, 550)",0.29
819,2,"(423, 307)","(609, 550)",0.29
820,2,"(423, 307)","(609, 550)",0.29
821,2,"(423, 307)","(609, 550)",0.29
822,2,"(423, 307)","(609, 550)",0.29
823,2,"(423, 307)","(609, 550)",0.29
824,2,"(423, 307)","(609, 550)",0.29
825,2,"(423, 307)","(609, 550)",0.29
826,2,"(423, 307)","(609, 550)",0.29
827,2,"(423, 307)","(609, 550)",0.29
828,2,"(423, 307)","(609, 550)",0.29
829,2,"(423, 307)","(609, 550)",0.29
830,2,"(423, 307)","(609, 550)",0.29
831,2,"(423, 307)","(609, 550)",0.29
832,2,"(423, 307)","(609, 550)",0.29
833,2,"(423, 307)","(609, 550)",0.29
834,2,"(423, 307)","(609, 550)",0.29
835,2,"(423, 307)","(609, 550)",0.29
836,2,"(423, 307)","(609, 550)",0.29
837,2,"(423, 307)","(609, 550)",0.29
838,2,"(423, 307)","(609, 550)",0.29
839,2,"(423, 307)","(609, 550)",0.29
840,2,"(423, 307)","(609, 550)",0.29
841,2,"(423, 307)","(609, 550)",0.29
842,2,"(423, 307)","(609, 550)",0.29
843,2,"(423, 307)","(609, 550)",0.29
844,2,"(423, 307)","(609, 550)",0.29
845,2,"(423, 307)","(609, 550)",0.29
846,2,"(423, 307)","(609, 550)",0.29
847,2,"(423, 307)","(609, 550)",0.29
848,2,"(423, 307)","(609, 550)",0.29
849,2,"(423, 307)","(609, 550)",0.29
850,2,"(423, 307)","(609, 550)",0.29
851,2,"(423, 307)","(609, 550)",0.29
852,2,"(423, 307)","(609, 550)",0.29
853,2,"(423, 307)","(609, 550)",0.29
854,2,"(423, 307)","(609, 550)",0.29
855,2,"(423, 307)","(609, 550)",0.29
856,2,"(423, 307)","(609, 550)",0.29
857,2,"(423, 307)","(609, 550)",0.29
858,2,"(423, 307)","(609, 550)",0.29
859,2,"(423, 307)","(609, 550)",0.29
860,2,"(423, 307)","(609, 550)",0.29
861,2,"(423, 307)","(609, 550)",0.29
862,2,"(423, 307)","(609, 550)",0.29
863,2,"(423, 307)","(609, 550)",0.29
864,2,"(423, 307)","(609, 550)",0.29
865,2,"(423, 307)","(609, 550)",0.29
866,2,"(423, 307)","(609, 550)",0.29
867,2,"(423, 307)","(610, 547)",0.29
1250,2,"(844, 257)","(1133, 633)",0.10
1251,2,"(846, 263)","(1132, 638)",0.10
1252,2,"(846, 263)","(1131, 638)",0.10
1253,2,"(845, 266)","(1129, 638)",0.10
1254,2,"(845, 266)","(1128, 635)",0.11
1255,2,"(840, 248)","(1129, 626)",0.10
1256,2,"(842, 242)","(1130, 622)",0.09
1257,2,"(839, 236)","(1132, 621)",0.09
1259,2,"(840, 221)","(1131, 602)",0.08
1260,2,"(840, 197)","(1137, 592)",0.08
1261,2,"(839, 192)","(1138, 587)",0.08
1262,2,"(839, 193)","(1138, 587)",0.08
1263,2,"(840, 191)","(1138, 584)",0.08
1264,2,"(843, 189)","(1137, 581)",0.08
1265,2,"(842, 184)","(1135, 574)",0.09
1266,2,"(843, 186)","(1134, 577)",0.09
1267,2,"(843, 185)","(1134, 576)",0.09
1268,2,"(844, 187)","(1131, 575)",0.09
1269,2,"(841, 187)","(1133, 579)",0.09
1270,2,"(841, 193)","(1132, 581)",0.09
1271,2,"(842, 193)","(1135, 577)",0.09
1272,2,"(841, 193)","(1135, 577)",0.09
1273,2,"(844, 194)","(1134, 575)",0.09
1274,2,"(841, 196)","(1133, 576)",0.09
1275,2,"(844, 199)","(1134, 575)",0.09
1276,2,"(845, 201)","(1134, 573)",0.09
1277,2,"(844, 201)","(1134, 574)",0.09
1278,2,"(846, 201)","(1134, 574)",0.09
1279,2,"(846, 200)","(1136, 577)",0.09
1280,2,"(850, 206)","(1139, 582)",0.09
1281,2,"(852, 213)","(1140, 582)",0.10
1282,2,"(852, 213)","(1140, 582)",0.10
1283,2,"(854, 215)","(1140, 584)",0.10
1284,2,"(856, 219)","(1144, 589)",0.10
1285,2,"(857, 225)","(1147, 597)",0.09
1286,2,"(860, 219)","(1148, 603)",0.09
1287,2,"(860, 219)","(1149, 603)",0.09
1288,2,"(859, 218)","(1150, 606)",0.09
1289,2,"(858, 230)","(1147, 599)",0.09
1290,2,"(862, 226)","(1147, 596)",0.09
1291,2,"(861, 225)","(1147, 595)",0.09
1292,2,"(861, 225)","(1147, 595)",0.09
1293,2,"(859, 224)","(1148, 595)",0.09
1294,2,"(857, 214)","(1150, 602)",0.09
1295,2,"(852, 208)","(1141, 585)",0.10
1296,2,"(848, 201)","(1139, 583)",0.10
1297,2,"(848, 201)","(1139, 583)",0.10
1298,2,"(848, 202)","(1137, 581)",0.10
1299,2,"(847, 204)","(1137, 584)",0.09
1300,2,"(843, 208)","(1134, 595)",0.08
1301,2,"(843, 214)","(1133, 600)",0.08
1302,2,"(843, 212)","(1133, 600)",0.08
1303,2,"(844, 216)","(1133, 604)",0.08
1304,2,"(845, 217)","(1133, 603)",0.08
1305,2,"(846, 215)","(1136, 601)",0.08
1306,2,"(848, 211)","(1136, 597)",0.08
1307,2,"(849, 212)","(1135, 596)",0.08
1308,2,"(849, 208)","(1134, 595)",0.09
1309,2,"(847, 207)","(1134, 595)",0.09
1310,2,"(843, 207)","(1131, 593)",0.08
1311,2,"(843, 208)","(1133, 596)",0.09
1312,2,"(843, 208)","(1133, 596)",0.09
1313,2,"(844, 206)","(1134, 593)",0.09
1314,2,"(844, 203)","(1136, 592)",0.08
1315,2,"(848, 207)","(1137, 587)",0.09
1316,2,"(848, 207)","(1137, 590)",0.09
1317,2,"(848, 207)","(1136, 592)",0.09
1318,2,"(848, 209)","(1137, 592)",0.09
1319,2,"(849, 209)","(1140, 597)",0.09
1320,2,"(850, 214)","(1142, 603)",0.09
1321,2,"(850, 216)","(1141, 606)",0.09
1322,2,"(850, 216)","(1141, 605)",0.09
1323,2,"(847, 218)","(1141, 606)",0.09
1324,2,"(848, 217)","(1141, 606)",0.09
1325,2,"(850, 209)","(1145, 603)",0.09
1326,2,"(854, 208)","(1145, 599)",0.09
1327,2,"(851, 205)","(1145, 596)",0.10
1328,2,"(851, 205)","(1145, 596)",0.10
1329,2,"(849, 206)","(1144, 593)",0.10
1330,2,"(850, 210)","(1141, 597)",0.09
1331,2,"(849, 219)","(1137, 594)",0.09
1332,2,"(852, 222)","(1138, 590)",0.09
1333,2,"(852, 222)","(1138, 590)",0.09
1334,2,"(853, 220)","(1138, 586)",0.09
1335,2,"(855, 217)","(1140, 584)",0.10
1336,2,"(856, 216)","(1141, 585)",0.10
1337,2,"(855, 218)","(1141, 591)",0.09
1338,2,"(855, 218)","(1141, 591)",0.09
1339,2,"(854, 220)","(1142, 596)",0.09
1340,2,"(852, 220)","(1139, 593)",0.09
1341,2,"(852, 219)","(1137, 593)",0.09
1342,2,"(849, 221)","(1135, 587)",0.10
1343,2,"(850, 221)","(1135, 587)",0.10
1344,2,"(849, 221)","(1134, 587)",0.10
1345,2,"(848, 215)","(1139, 592)",0.10
1346,2,"(847, 214)","(1139, 592)",0.10
1347,2,"(847, 214)","(1138, 592)",0.10
1348,2,"(847, 215)","(1139, 591)",0.10
1349,2,"(847, 214)","(1138, 592)",0.10
1350,2,"(847, 215)","(1138, 594)",0.10
1351,2,"(847, 215)","(1138, 593)",0.10
1352,2,"(847, 215)","(1137, 592)",0.10
1353,2,"(848, 214)","(1138, 591)",0.10
1354,2,"(930, 223)","(1005, 319)",0.10
1356,2,"(934, 220)","(1012, 320)",0.10
1357,2,"(936, 220)","(1013, 320)",0.09
1358,2,"(936, 220)","(1013, 320)",0.10
1359,2,"(938, 221)","(1015, 319)",0.09
1360,2,"(941, 223)","(1018, 320)",0.09
1361,2,"(942, 223)","(1019, 321)",0.09
1362,2,"(944, 223)","(1021, 321)",0.09
1363,2,"(944, 223)","(1020, 321)",0.09
1364,2,"(945, 223)","(1022, 321)",0.09
1366,2,"(948, 222)","(1025, 322)",0.10
1367,2,"(948, 223)","(1025, 323)",0.10
1368,2,"(948, 223)","(1026, 323)",0.10
1369,2,"(948, 224)","(1026, 324)",0.09
1370,2,"(948, 224)","(1027, 327)",0.09
1371,2,"(948, 224)","(1028, 327)",0.09
1372,2,"(949, 225)","(1027, 326)",0.09
1373,2,"(948, 225)","(1026, 326)",0.09
1374,2,"(948, 225)","(1026, 326)",0.09
1375,2,"(947, 228)","(1024, 328)",0.09
1376,2,"(947, 228)","(1023, 329)",0.09
1377,2,"(946, 230)","(1024, 330)",0.10
1378,2,"(946, 230)","(1023, 330)",0.10
1379,2,"(946, 229)","(1023, 330)",0.10
1380,2,"(945, 227)","(1023, 329)",0.09
1381,2,"(945, 225)","(1021, 327)",0.10
1382,2,"(944, 224)","(1021, 326)",0.10
1383,2,"(944, 224)","(1021, 326)",0.10
1384,2,"(943, 222)","(1020, 324)",0.11
1385,2,"(943, 221)","(1020, 321)",0.11
1386,2,"(943, 219)","(1020, 321)",0.11
1387,2,"(943, 220)","(1020, 321)",0.11
1388,2,"(943, 219)","(1020, 321)",0.11
1389,2,"(944, 220)","(1020, 321)",0.11
1390,2,"(945, 220)","(1022, 321)",0.10
1391,2,"(944, 220)","(1022, 321)",0.10
1392,2,"(945, 222)","(1022, 322)",0.09
1393,2,"(945, 222)","(1022, 322)",0.09
1394,2,"(945, 224)","(1022, 324)",0.09
1395,2,"(944, 224)","(1023, 325)",0.09
1396,2,"(944, 225)","(1022, 324)",0.09
1397,2,"(943, 224)","(1022, 324)",0.09
1398,2,"(944, 224)","(1022, 324)",0.09
1399,2,"(943, 224)","(1021, 323)",0.09
1400,2,"(942, 221)","(1020, 321)",0.09
1401,2,"(942, 222)","(1019, 320)",0.09
1402,2,"(941, 221)","(1019, 320)",0.09
1403,2,"(942, 221)","(1018, 319)",0.09
1404,2,"(940, 220)","(1018, 320)",0.09
1405,2,"(938, 220)","(1016, 321)",0.09
1406,2,"(937, 220)","(1016, 322)",0.10
1407,2,"(936, 221)","(1015, 323)",0.10
1408,2,"(936, 221)","(1014, 322)",0.09
1409,2,"(935, 221)","(1014, 323)",0.10
1410,2,"(934, 222)","(1012, 324)",0.10
1411,2,"(934, 222)","(1012, 323)",0.10
1412,2,"(934, 221)","(1011, 322)",0.10
1413,2,"(934, 221)","(1011, 322)",0.10
1414,2,"(933, 221)","(1008, 323)",0.10
1415,2,"(933, 223)","(1007, 321)",0.09
1416,2,"(932, 223)","(1007, 321)",0.10
1417,2,"(932, 224)","(1007, 321)",0.10
1418,2,"(932, 224)","(1007, 321)",0.10
1419,2,"(933, 224)","(1007, 321)",0.10
1420,2,"(933, 224)","(1008, 322)",0.10
1421,2,"(933, 224)","(1008, 321)",0.10
1422,2,"(934, 224)","(1009, 322)",0.10
1423,2,"(934, 224)","(1009, 322)",0.10
1424,2,"(934, 224)","(1010, 322)",0.10
1425,2,"(935, 223)","(1011, 322)",0.10
1426,2,"(936, 222)","(1012, 322)",0.10
1427,2,"(935, 222)","(1012, 321)",0.10
1428,2,"(935, 222)","(1012, 321)",0.10
1429,2,"(936, 222)","(1012, 321)",0.10
1430,2,"(936, 222)","(1012, 321)",0.10
1431,2,"(936, 222)","(1013, 321)",0.10
1432,2,"(936, 222)","(1013, 321)",0.10
1433,2,"(936, 222)","(1012, 320)",0.10
1434,2,"(936, 222)","(1012, 321)",0.11
1435,2,"(934, 223)","(1010, 322)",0.10
1436,2,"(932, 223)","(1009, 324)",0.09
1438,2,"(932, 224)","(1010, 327)",0.09
1439,2,"(929, 225)","(1008, 327)",0.10
1440,2,"(926, 226)","(1006, 323)",0.12
1441,2,"(925, 226)","(1006, 324)",0.10
1442,2,"(926, 226)","(1005, 323)",0.11
1443,2,"(927, 226)","(1005, 322)",0.12
1444,2,"(926, 226)","(1006, 322)",0.12
1445,2,"(926, 227)","(1005, 322)",0.12
1465,2,"(934, 232)","(1008, 323)",0.12
1466,2,"(933, 233)","(1007, 323)",0.12
1467,2,"(934, 234)","(1009, 326)",0.11
1468,2,"(933, 233)","(1009, 326)",0.12
1469,2,"(933, 235)","(1010, 328)",0.12
1470,2,"(933, 234)","(1010, 330)",0.11
1471,2,"(936, 235)","(1013, 330)",0.11
1472,2,"(934, 232)","(1014, 331)",0.10
1473,2,"(935, 233)","(1014, 331)",0.10
1474,2,"(934, 232)","(1014, 330)",0.10
1475,2,"(934, 231)","(1014, 329)",0.09
1476,2,"(934, 231)","(1015, 331)",0.09
1477,2,"(935, 233)","(1015, 330)",0.09
1478,2,"(933, 233)","(1015, 330)",0.09
1479,2,"(934, 234)","(1016, 332)",0.10
1480,2,"(934, 234)","(1015, 333)",0.10
1481,2,"(936, 231)","(1014, 328)",0.10
1482,2,"(938, 230)","(1016, 326)",0.11
1483,2,"(938, 230)","(1015, 325)",0.11
1484,2,"(939, 229)","(1016, 324)",0.11
1485,2,"(937, 225)","(1018, 327)",0.10
1486,2,"(941, 227)","(1020, 325)",0.11
1487,2,"(943, 228)","(1020, 325)",0.11
1488,2,"(943, 229)","(1020, 324)",0.12
1494,2,"(947, 227)","(1023, 323)",0.11
1495,2,"(946, 228)","(1022, 325)",0.11
1496,2,"(947, 229)","(1021, 323)",0.11
1497,2,"(946, 231)","(1021, 324)",0.12
1498,2,"(946, 231)","(1021, 325)",0.11
1499,2,"(945, 233)","(1021, 328)",0.12
1500,2,"(943, 233)","(1021, 330)",0.11
1506,2,"(942, 237)","(1018, 334)",0.11
1507,2,"(941, 236)","(1018, 334)",0.12
1508,2,"(941, 235)","(1018, 336)",0.11
1509,2,"(940, 237)","(1018, 336)",0.11
1512,2,"(944, 240)","(1019, 334)",0.10
1513,2,"(944, 240)","(1019, 334)",0.10
1514,2,"(944, 240)","(1020, 334)",0.09
1515,2,"(945, 241)","(1021, 335)",0.09
1520,2,"(946, 238)","(1022, 335)",0.10
1521,2,"(946, 239)","(1021, 334)",0.11
1522,2,"(946, 239)","(1021, 335)",0.10
1523,2,"(947, 239)","(1020, 334)",0.10
1525,2,"(946, 239)","(1019, 333)",0.10
1529,2,"(947, 237)","(1019, 332)",0.10
1530,2,"(947, 234)","(1022, 332)",0.10
1531,2,"(950, 234)","(1026, 333)",0.09
1532,2,"(951, 233)","(1027, 333)",0.09
1533,2,"(951, 233)","(1027, 333)",0.09
1534,2,"(953, 233)","(1029, 333)",0.09
1535,2,"(771, 195)","(1037, 537)",0.08
1536,2,"(772, 190)","(1039, 536)",0.09
1537,2,"(772, 190)","(1039, 539)",0.08
1538,2,"(772, 190)","(1039, 539)",0.08
1539,2,"(771, 190)","(1040, 542)",0.08
1540,2,"(772, 189)","(1040, 540)",0.08
1541,2,"(776, 191)","(1043, 539)",0.08
1542,2,"(777, 191)","(1043, 538)",0.08
1543,2,"(777, 191)","(1043, 538)",0.08
1544,2,"(779, 195)","(1043, 538)",0.08
1545,2,"(781, 187)","(1050, 545)",0.08
1546,2,"(784, 196)","(1051, 543)",0.08
1547,2,"(787, 200)","(1057, 547)",0.09
1548,2,"(787, 201)","(1057, 547)",0.09
1549,2,"(790, 200)","(1059, 547)",0.09
1550,2,"(789, 197)","(1060, 543)",0.08
1551,2,"(795, 200)","(1064, 545)",0.09
1552,2,"(795, 197)","(1065, 542)",0.08
1553,2,"(795, 198)","(1065, 543)",0.08
1554,2,"(798, 197)","(1067, 546)",0.08
1555,2,"(801, 199)","(1070, 548)",0.08
1556,2,"(811, 216)","(1074, 548)",0.10
1557,2,"(815, 221)","(1079, 559)",0.10
1558,2,"(815, 220)","(1079, 558)",0.10
1559,2,"(818, 227)","(1088, 569)",0.09
1560,2,"(828, 233)","(1089, 559)",0.10
1561,2,"(835, 234)","(1096, 562)",0.10
1562,2,"(836, 233)","(1099, 566)",0.09
1563,2,"(836, 233)","(1099, 566)",0.09
1564,2,"(838, 235)","(1097, 555)",0.10
1565,2,"(841, 233)","(1101, 562)",0.11
1566,2,"(851, 235)","(1109, 568)",0.11
1567,2,"(856, 238)","(1114, 572)",0.12
1568,2,"(856, 238)","(1114, 572)",0.12
1570,2,"(861, 249)","(1118, 576)",0.13
1572,2,"(873, 253)","(1129, 575)",0.15
1573,2,"(874, 254)","(1130, 574)",0.16
1575,2,"(865, 259)","(1128, 577)",0.14
1576,2,"(865, 260)","(1121, 563)",0.12
1577,2,"(877, 256)","(1127, 559)",0.13
1581,2,"(848, 217)","(1112, 545)",0.09
1582,2,"(841, 209)","(1105, 542)",0.08
1583,2,"(831, 199)","(1102, 545)",0.08
1584,2,"(831, 199)","(1102, 545)",0.08
1585,2,"(827, 202)","(1095, 539)",0.09
1586,2,"(815, 184)","(1091, 538)",0.09
1587,2,"(811, 176)","(1089, 540)",0.10
1588,2,"(810, 180)","(1086, 536)",0.10
1589,2,"(809, 180)","(1086, 536)",0.10
1590,2,"(809, 172)","(1087, 535)",0.10
1591,2,"(809, 173)","(1079, 512)",0.10
1592,2,"(806, 174)","(1074, 506)",0.10
1593,2,"(804, 172)","(1071, 502)",0.10
1594,2,"(803, 173)","(1071, 502)",0.10
1595,2,"(803, 170)","(1069, 499)",0.11
1596,2,"(799, 172)","(1065, 509)",0.10
1597,2,"(792, 174)","(1063, 517)",0.09
1598,2,"(788, 179)","(1062, 524)",0.09
1599,2,"(793, 179)","(1053, 517)",0.10
1600,2,"(787, 180)","(1059, 528)",0.08
1601,2,"(782, 190)","(1051, 541)",0.08
1602,2,"(773, 191)","(1053, 550)",0.08
1603,2,"(770, 199)","(1047, 548)",0.08
1604,2,"(770, 199)","(1047, 548)",0.08
1605,2,"(770, 205)","(1044, 549)",0.08
1606,2,"(769, 212)","(1038, 561)",0.09
1607,2,"(764, 220)","(1034, 564)",0.09
1608,2,"(762, 221)","(1034, 570)",0.09
1609,2,"(762, 221)","(1034, 570)",0.09
1610,2,"(762, 223)","(1036, 575)",0.09
1611,2,"(780, 246)","(1039, 569)",0.09
1612,2,"(781, 249)","(1039, 571)",0.09
1613,2,"(782, 250)","(1039, 571)",0.09
1614,2,"(781, 250)","(1039, 572)",0.09
1615,2,"(782, 249)","(1039, 571)",0.09
1616,2,"(783, 248)","(1041, 569)",0.09
1617,2,"(782, 240)","(1041, 565)",0.09
1618,2,"(773, 220)","(1044, 575)",0.08
1619,2,"(773, 220)","(1044, 575)",0.08
1620,2,"(780, 214)","(1052, 571)",0.08
1621,2,"(800, 208)","(1065, 541)",0.08
1622,2,"(816, 201)","(1079, 538)",0.09
1623,2,"(826, 191)","(1093, 529)",0.09
1624,2,"(825, 191)","(1093, 530)",0.09
1625,2,"(836, 185)","(1102, 523)",0.10
1626,2,"(836, 176)","(1101, 508)",0.14
1627,2,"(834, 173)","(1094, 498)",0.15
1628,2,"(831, 173)","(1087, 491)",0.17
1629,2,"(831, 173)","(1087, 491)",0.17
1630,2,"(824, 170)","(1085, 492)",0.16
1631,2,"(817, 174)","(1076, 488)",0.17
1632,2,"(818, 170)","(1077, 489)",0.15
1635,2,"(814, 171)","(1076, 499)",0.14
1636,2,"(811, 175)","(1075, 509)",0.12
1637,2,"(813, 178)","(1076, 507)",0.11
1638,2,"(815, 177)","(1078, 506)",0.11
1639,2,"(815, 177)","(1077, 505)",0.11
1640,2,"(816, 178)","(1076, 504)",0.10
1641,2,"(819, 182)","(1081, 504)",0.11
1642,2,"(825, 181)","(1078, 499)",0.11
1643,2,"(828, 184)","(1080, 500)",0.12
1644,2,"(828, 184)","(1080, 500)",0.12
1645,2,"(830, 189)","(1081, 488)",0.12
1646,2,"(834, 194)","(1085, 496)",0.13
1647,2,"(833, 194)","(1085, 498)",0.12
1648,2,"(835, 195)","(1086, 500)",0.12
1649,2,"(835, 195)","(1087, 501)",0.12
1650,2,"(837, 195)","(1089, 503)",0.13
1651,2,"(838, 195)","(1090, 507)",0.12
1652,2,"(839, 197)","(1090, 508)",0.12
1653,2,"(846, 211)","(1092, 509)",0.12
1654,2,"(845, 211)","(1092, 510)",0.12
1655,2,"(845, 212)","(1092, 511)",0.12
1656,2,"(843, 212)","(1094, 516)",0.11
1657,2,"(842, 211)","(1095, 519)",0.11
1658,2,"(843, 212)","(1096, 517)",0.11
1659,2,"(842, 210)","(1095, 521)",0.11
1660,2,"(844, 211)","(1097, 520)",0.11
1661,2,"(846, 212)","(1099, 520)",0.12
1662,2,"(845, 213)","(1098, 523)",0.11
1663,2,"(847, 214)","(1100, 522)",0.11
1664,2,"(846, 213)","(1099, 523)",0.11
1665,2,"(848, 213)","(1100, 521)",0.12
1666,2,"(847, 207)","(1098, 518)",0.12
1667,2,"(846, 209)","(1099, 521)",0.12
1668,2,"(847, 209)","(1099, 521)",0.12
1669,2,"(847, 209)","(1099, 521)",0.12
1670,2,"(850, 215)","(1101, 524)",0.12
1671,2,"(852, 213)","(1104, 528)",0.12
1672,2,"(856, 215)","(1103, 526)",0.13
1673,2,"(858, 217)","(1106, 529)",0.13
1674,2,"(858, 217)","(1105, 527)",0.13
1675,2,"(860, 216)","(1108, 529)",0.12
1676,2,"(870, 218)","(1115, 520)",0.13
1677,2,"(873, 218)","(1126, 524)",0.11
1701,2,"(891, 248)","(1170, 589)",0.13
1712,2,"(882, 243)","(1147, 582)",0.12
1713,2,"(883, 244)","(1148, 583)",0.13
1714,2,"(883, 244)","(1148, 584)",0.13
1715,2,"(882, 245)","(1148, 585)",0.13
1716,2,"(882, 245)","(1148, 587)",0.13
1911,2,"(907, 417)","(945, 465)",0.09
1912,2,"(908, 417)","(946, 465)",0.09
1913,2,"(908, 416)","(946, 465)",0.09
1914,2,"(908, 417)","(946, 465)",0.09
1915,2,"(908, 417)","(946, 465)",0.09
1916,2,"(908, 417)","(947, 466)",0.09
1917,2,"(909, 417)","(947, 466)",0.09
1918,2,"(909, 417)","(947, 465)",0.09
1919,2,"(909, 417)","(947, 465)",0.10
1920,2,"(910, 417)","(947, 466)",0.09
1921,2,"(909, 417)","(947, 466)",0.09
1922,2,"(912, 417)","(951, 465)",0.09
1923,2,"(914, 417)","(952, 465)",0.11
1924,2,"(915, 417)","(953, 465)",0.10
1925,2,"(915, 416)","(953, 466)",0.10
1926,2,"(916, 417)","(954, 466)",0.11
1927,2,"(917, 417)","(955, 466)",0.12
1928,2,"(917, 417)","(954, 466)",0.11
1929,2,"(917, 417)","(954, 465)",0.13
1930,2,"(917, 417)","(954, 465)",0.13
1931,2,"(915, 417)","(952, 465)",0.09
1934,2,"(907, 414)","(943, 463)",0.15
1937,2,"(906, 416)","(941, 464)",0.16
1949,2,"(907, 421)","(941, 470)",0.15
1952,2,"(907, 421)","(942, 470)",0.15
1958,2,"(909, 422)","(945, 469)",0.13
1963,2,"(911, 421)","(948, 469)",0.12
1964,2,"(912, 421)","(948, 468)",0.12
1965,2,"(912, 421)","(948, 468)",0.12
1966,2,"(912, 421)","(949, 468)",0.11
1967,2,"(912, 421)","(949, 469)",0.11
1968,2,"(913, 421)","(950, 470)",0.10
1969,2,"(913, 422)","(950, 470)",0.10
1970,2,"(913, 422)","(950, 471)",0.10
1971,2,"(913, 423)","(950, 471)",0.10
1972,2,"(913, 423)","(950, 471)",0.11
1973,2,"(912, 424)","(950, 473)",0.10
1974,2,"(913, 425)","(950, 473)",0.12
1975,2,"(912, 425)","(950, 473)",0.11
1976,2,"(912, 425)","(950, 473)",0.11
1977,2,"(912, 426)","(950, 475)",0.10
1978,2,"(911, 427)","(949, 476)",0.11
1979,2,"(912, 426)","(949, 475)",0.10
1980,2,"(911, 426)","(950, 475)",0.10
1981,2,"(912, 426)","(950, 476)",0.11
1982,2,"(913, 428)","(952, 477)",0.11
1983,2,"(915, 431)","(952, 480)",0.22
1984,2,"(915, 433)","(952, 482)",0.22
1985,2,"(915, 433)","(952, 482)",0.22
1986,2,"(915, 434)","(953, 484)",0.21
1987,2,"(916, 437)","(952, 484)",0.22
1988,2,"(916, 437)","(952, 485)",0.21
1989,2,"(916, 437)","(952, 485)",0.21
1990,2,"(916, 437)","(952, 485)",0.21
1991,2,"(914, 437)","(952, 485)",0.20
1992,2,"(913, 437)","(949, 485)",0.23
1993,2,"(875, 259)","(1120, 574)",0.15
1994,2,"(876, 257)","(1120, 571)",0.15
1995,2,"(877, 257)","(1120, 571)",0.15
1996,2,"(877, 255)","(1119, 569)",0.15
1997,2,"(877, 253)","(1119, 569)",0.15
1998,2,"(876, 252)","(1118, 569)",0.15
1999,2,"(875, 250)","(1117, 567)",0.16
2000,2,"(875, 250)","(1117, 567)",0.16
2001,2,"(871, 247)","(1116, 563)",0.16
2002,2,"(872, 247)","(1117, 563)",0.15
2003,2,"(872, 232)","(1114, 563)",0.15
2004,2,"(872, 233)","(1115, 551)",0.16
2005,2,"(871, 231)","(1115, 552)",0.15
2006,2,"(870, 232)","(1111, 547)",0.15
2007,2,"(870, 225)","(1110, 544)",0.15
2008,2,"(869, 220)","(1106, 538)",0.16
2009,2,"(869, 218)","(1105, 533)",0.16
2010,2,"(871, 211)","(1107, 535)",0.16
2011,2,"(869, 212)","(1105, 532)",0.17
2012,2,"(871, 212)","(1106, 534)",0.17
2013,2,"(868, 203)","(1106, 527)",0.18
2014,2,"(866, 197)","(1105, 526)",0.17
2015,2,"(865, 198)","(1104, 526)",0.17
2016,2,"(864, 197)","(1101, 525)",0.17
2017,2,"(863, 199)","(1099, 523)",0.17
2018,2,"(860, 205)","(1091, 523)",0.18
2019,2,"(860, 204)","(1092, 525)",0.18
2020,2,"(860, 204)","(1091, 524)",0.17
2021,2,"(859, 206)","(1091, 525)",0.18
2022,2,"(861, 205)","(1093, 528)",0.18
2023,2,"(865, 214)","(1091, 533)",0.17
2024,2,"(861, 219)","(1092, 538)",0.17
2025,2,"(861, 219)","(1092, 538)",0.17
2026,2,"(862, 225)","(1090, 543)",0.18
2027,2,"(863, 231)","(1092, 544)",0.18
2028,2,"(857, 224)","(1096, 565)",0.17
2029,2,"(860, 229)","(1098, 564)",0.16
2030,2,"(861, 230)","(1099, 563)",0.16
2031,2,"(856, 228)","(1096, 568)",0.16
2032,2,"(854, 232)","(1096, 567)",0.16
2033,2,"(856, 240)","(1091, 568)",0.16
2034,2,"(858, 244)","(1093, 569)",0.17
2035,2,"(859, 244)","(1093, 568)",0.17
2042,2,"(846, 252)","(1086, 564)",0.17
2043,2,"(844, 250)","(1083, 562)",0.17
2044,2,"(842, 250)","(1081, 560)",0.17
2045,2,"(842, 250)","(1081, 560)",0.17
2046,2,"(840, 248)","(1079, 559)",0.17
2047,4,"(839, 248)","(1076, 557)",0.17
2048,4,"(842, 250)","(1076, 557)",0.18
2049,4,"(842, 248)","(1076, 555)",0.18
2050,4,"(843, 250)","(1076, 555)",0.18
2051,4,"(843, 249)","(1075, 553)",0.18
2052,4,"(845, 247)","(1075, 550)",0.18
2053,4,"(846, 223)","(1070, 550)",0.17
2058,2,"(839, 184)","(1065, 537)",0.16
2059,2,"(838, 187)","(1060, 536)",0.17
2060,2,"(838, 186)","(1060, 535)",0.17
2061,2,"(837, 188)","(1058, 527)",0.16
2062,2,"(834, 187)","(1055, 532)",0.16
2063,2,"(833, 193)","(1053, 528)",0.16
2064,2,"(835, 196)","(1056, 526)",0.17
2065,2,"(836, 198)","(1055, 525)",0.17
2066,2,"(836, 197)","(1055, 527)",0.17
2067,2,"(834, 198)","(1054, 529)",0.17
2068,2,"(828, 193)","(1048, 532)",0.16
2069,2,"(830, 196)","(1048, 530)",0.16
2070,2,"(830, 196)","(1048, 529)",0.16
2071,2,"(831, 197)","(1048, 529)",0.16
2072,2,"(833, 202)","(1046, 529)",0.18
2074,2,"(839, 236)","(1062, 544)",0.19
2075,2,"(839, 232)","(1063, 546)",0.19
2098,4,"(835, 249)","(1069, 572)",0.18
2099,4,"(834, 248)","(1067, 569)",0.18
2100,4,"(835, 248)","(1066, 565)",0.18
2101,4,"(835, 248)","(1067, 565)",0.18
2103,2,"(835, 248)","(1068, 570)",0.18
2104,2,"(834, 246)","(1068, 571)",0.18
2105,4,"(835, 249)","(1067, 569)",0.18
2106,4,"(835, 248)","(1067, 569)",0.18
2107,4,"(833, 248)","(1068, 569)",0.18
2112,2,"(838, 230)","(1072, 562)",0.17
2117,2,"(836, 213)","(1066, 534)",0.16
2127,2,"(839, 219)","(1059, 528)",0.18
2129,4,"(846, 245)","(1066, 541)",0.19
2131,2,"(848, 252)","(1069, 547)",0.18
2137,2,"(848, 247)","(1083, 573)",0.15
2138,2,"(850, 253)","(1089, 575)",0.14
2139,2,"(851, 251)","(1091, 578)",0.14
2140,2,"(851, 252)","(1091, 579)",0.14
2141,2,"(851, 253)","(1091, 578)",0.14
2142,2,"(850, 254)","(1090, 579)",0.14
2143,2,"(850, 255)","(1088, 577)",0.15
2144,2,"(846, 253)","(1087, 575)",0.15
2145,2,"(849, 251)","(1086, 571)",0.16
2146,2,"(849, 251)","(1086, 572)",0.15
2147,2,"(850, 245)","(1087, 570)",0.16
2148,2,"(853, 235)","(1089, 565)",0.16
2149,2,"(852, 238)","(1089, 554)",0.15
2150,2,"(850, 227)","(1084, 551)",0.15
2151,2,"(850, 228)","(1085, 551)",0.15
2152,2,"(849, 219)","(1085, 546)",0.15
2153,2,"(835, 202)","(1097, 551)",0.15
2154,2,"(838, 202)","(1095, 544)",0.15
2155,2,"(839, 200)","(1096, 540)",0.15
2156,2,"(839, 199)","(1096, 540)",0.15
2157,2,"(839, 200)","(1094, 537)",0.15
2158,2,"(844, 201)","(1087, 524)",0.14
2159,2,"(843, 200)","(1087, 520)",0.15
2160,2,"(852, 198)","(1089, 519)",0.14
2161,2,"(852, 198)","(1089, 519)",0.14
2162,2,"(852, 197)","(1086, 519)",0.15
2163,2,"(853, 195)","(1086, 518)",0.15
2164,2,"(853, 194)","(1086, 519)",0.15
2165,2,"(853, 194)","(1087, 519)",0.15
2166,2,"(853, 194)","(1087, 519)",0.15
2167,2,"(853, 194)","(1086, 520)",0.14
2168,2,"(853, 196)","(1086, 520)",0.14
2169,2,"(852, 196)","(1085, 517)",0.14
2170,2,"(852, 195)","(1083, 516)",0.15
2171,2,"(853, 194)","(1083, 516)",0.14
2172,2,"(853, 197)","(1083, 516)",0.15
2173,2,"(852, 199)","(1089, 520)",0.13
2174,2,"(853, 201)","(1090, 522)",0.13
2175,2,"(850, 203)","(1089, 523)",0.13
2176,2,"(850, 203)","(1089, 523)",0.13
2177,2,"(851, 203)","(1092, 527)",0.14
2178,2,"(852, 207)","(1091, 539)",0.13
2179,2,"(852, 214)","(1091, 544)",0.14
2180,2,"(853, 221)","(1090, 547)",0.15
2181,2,"(853, 220)","(1090, 548)",0.15
2182,2,"(852, 226)","(1091, 553)",0.14
2183,2,"(851, 229)","(1086, 555)",0.15
2184,2,"(849, 237)","(1086, 555)",0.15
2185,2,"(845, 238)","(1084, 556)",0.15
2186,2,"(849, 239)","(1085, 557)",0.15
2187,2,"(849, 237)","(1086, 558)",0.15
2188,2,"(845, 242)","(1083, 559)",0.14
2189,2,"(848, 243)","(1085, 563)",0.15
2190,2,"(847, 245)","(1084, 563)",0.15
2191,2,"(848, 245)","(1085, 564)",0.15
2192,2,"(849, 246)","(1085, 566)",0.15
2193,2,"(849, 249)","(1087, 567)",0.15
2194,2,"(850, 249)","(1086, 567)",0.15
2195,2,"(849, 253)","(1086, 568)",0.14
2196,2,"(849, 253)","(1086, 568)",0.14
2197,2,"(849, 249)","(1085, 567)",0.15
2333,2,"(503, 236)","(544, 284)",0.24
2344,2,"(641, 238)","(681, 283)",0.25
2353,2,"(4, 260)","(41, 314)",0.30
2363,2,"(696, 235)","(735, 281)",0.27
2364,2,"(697, 235)","(735, 281)",0.27
2365,2,"(697, 235)","(735, 281)",0.27
2366,2,"(697, 235)","(736, 281)",0.27
2367,2,"(697, 235)","(736, 281)",0.26
2368,2,"(697, 235)","(736, 281)",0.27
2381,2,"(806, 206)","(1044, 520)",0.11
2382,2,"(806, 205)","(1044, 521)",0.11
2383,2,"(811, 214)","(1047, 523)",0.13
2384,2,"(841, 219)","(1074, 526)",0.13
2385,2,"(839, 220)","(1082, 534)",0.13
2386,2,"(830, 221)","(1074, 537)",0.12
2387,2,"(830, 221)","(1074, 537)",0.12
2388,2,"(851, 235)","(1085, 543)",0.14
2389,2,"(863, 248)","(1099, 554)",0.16
2390,2,"(869, 252)","(1106, 557)",0.16
2391,2,"(874, 257)","(1106, 558)",0.17
2392,2,"(874, 256)","(1105, 558)",0.17
2393,2,"(878, 258)","(1112, 560)",0.16
2394,2,"(885, 250)","(1122, 559)",0.17
2395,2,"(884, 247)","(1125, 557)",0.17
2396,2,"(893, 247)","(1128, 557)",0.15
2397,2,"(893, 247)","(1128, 557)",0.15
2398,2,"(895, 244)","(1129, 555)",0.15
2399,2,"(886, 244)","(1130, 553)",0.14
2400,2,"(886, 242)","(1131, 554)",0.14
2401,2,"(889, 243)","(1136, 565)",0.14
2402,2,"(887, 244)","(1136, 565)",0.15
2403,2,"(888, 243)","(1135, 564)",0.14
2404,2,"(889, 240)","(1126, 559)",0.15
2405,2,"(887, 240)","(1125, 561)",0.14
2406,2,"(884, 240)","(1126, 563)",0.14
2407,2,"(885, 241)","(1126, 563)",0.13
2408,2,"(884, 241)","(1126, 564)",0.13
2409,2,"(883, 244)","(1126, 567)",0.13
2410,2,"(881, 247)","(1126, 573)",0.12
2411,2,"(883, 249)","(1125, 576)",0.11
2412,2,"(883, 249)","(1125, 576)",0.11
2413,2,"(878, 251)","(1131, 578)",0.10
2414,2,"(882, 268)","(1133, 595)",0.11
2415,2,"(876, 257)","(1125, 588)",0.11
2416,2,"(868, 258)","(1124, 593)",0.10
2417,2,"(868, 259)","(1124, 593)",0.10
2418,2,"(860, 263)","(1112, 589)",0.14
2419,2,"(852, 264)","(1085, 583)",0.15
2423,2,"(825, 258)","(1057, 573)",0.15
2424,2,"(801, 257)","(1042, 580)",0.11
2429,2,"(773, 256)","(1012, 580)",0.13
2433,2,"(762, 244)","(995, 558)",0.13
2434,2,"(751, 245)","(984, 554)",0.12
2435,2,"(743, 245)","(978, 555)",0.12
2436,2,"(741, 244)","(975, 556)",0.11
2437,2,"(741, 244)","(975, 556)",0.11
2438,2,"(738, 247)","(971, 556)",0.12
2439,2,"(725, 243)","(963, 554)",0.11
2440,2,"(726, 239)","(964, 554)",0.11
2441,2,"(727, 245)","(966, 550)",0.11
2442,2,"(727, 245)","(966, 550)",0.11
2443,2,"(728, 238)","(978, 551)",0.11
2444,2,"(745, 228)","(998, 558)",0.09
2445,2,"(749, 229)","(1002, 553)",0.10
2446,2,"(751, 228)","(1005, 553)",0.10
2447,2,"(751, 228)","(1005, 553)",0.10
2448,2,"(751, 227)","(1006, 553)",0.10
2449,2,"(755, 227)","(1008, 552)",0.10
2450,2,"(755, 226)","(1008, 552)",0.10
2451,2,"(755, 228)","(1008, 551)",0.10
2452,2,"(755, 227)","(1008, 552)",0.10
2453,2,"(757, 229)","(1009, 552)",0.10
2454,2,"(759, 230)","(1011, 553)",0.10
2455,2,"(760, 231)","(1013, 555)",0.10
2456,2,"(762, 232)","(1015, 554)",0.10
2457,2,"(762, 232)","(1015, 554)",0.10
2458,2,"(764, 233)","(1017, 555)",0.10
2459,2,"(766, 233)","(1020, 555)",0.10
2460,2,"(768, 234)","(1022, 556)",0.10
2461,2,"(768, 234)","(1023, 557)",0.10
2462,2,"(769, 233)","(1023, 557)",0.10
2463,2,"(769, 234)","(1023, 557)",0.10
2464,2,"(769, 234)","(1024, 557)",0.10
2465,2,"(731, 224)","(987, 547)",0.07
2466,2,"(733, 225)","(985, 537)",0.08
2467,2,"(733, 225)","(985, 537)",0.08
2468,2,"(736, 225)","(988, 535)",0.08
2469,2,"(737, 220)","(993, 544)",0.08
2470,2,"(749, 222)","(996, 532)",0.08
2471,2,"(754, 222)","(1001, 532)",0.08
2472,2,"(754, 222)","(1001, 532)",0.08
2473,2,"(758, 221)","(1006, 532)",0.08
2474,2,"(761, 217)","(1012, 533)",0.08
2475,2,"(771, 213)","(1022, 532)",0.08
2476,2,"(777, 212)","(1028, 531)",0.08
2477,2,"(777, 213)","(1028, 531)",0.08
2478,2,"(782, 206)","(1032, 530)",0.08
2479,2,"(791, 210)","(1038, 523)",0.09
2480,2,"(812, 215)","(1059, 527)",0.08
2481,2,"(815, 215)","(1062, 529)",0.08
2482,2,"(815, 215)","(1062, 529)",0.08
2483,2,"(807, 205)","(1058, 529)",0.09
2484,2,"(805, 206)","(1056, 521)",0.09
2485,2,"(799, 204)","(1047, 520)",0.10
2486,2,"(795, 205)","(1041, 520)",0.10
2487,2,"(796, 206)","(1041, 521)",0.10
2488,2,"(792, 210)","(1038, 520)",0.10
2489,2,"(789, 215)","(1035, 524)",0.10
2490,2,"(783, 217)","(1029, 532)",0.10
2491,2,"(777, 219)","(1026, 530)",0.09
2492,2,"(777, 219)","(1026, 530)",0.10
2493,2,"(776, 220)","(1022, 530)",0.10
2494,2,"(774, 218)","(1018, 532)",0.09
2495,2,"(763, 220)","(1015, 545)",0.09
2496,2,"(761, 220)","(1007, 545)",0.09
2497,2,"(761, 221)","(1007, 545)",0.09
2498,2,"(759, 222)","(1003, 542)",0.09
2499,2,"(759, 224)","(998, 543)",0.09
2500,2,"(752, 219)","(991, 543)",0.10
2501,2,"(749, 215)","(990, 544)",0.10
2502,2,"(749, 215)","(990, 545)",0.10
2503,2,"(748, 215)","(989, 542)",0.10
2506,2,"(754, 216)","(991, 537)",0.10
2507,2,"(755, 217)","(992, 537)",0.10
2508,2,"(759, 218)","(996, 535)",0.09
2509,2,"(762, 218)","(997, 533)",0.10
2510,2,"(761, 220)","(1001, 529)",0.11
2511,2,"(764, 215)","(1008, 531)",0.10
2512,2,"(765, 216)","(1009, 530)",0.10
2513,2,"(769, 217)","(1014, 533)",0.09
2514,2,"(770, 218)","(1022, 537)",0.10
2515,2,"(784, 232)","(1033, 545)",0.10
2516,2,"(791, 233)","(1037, 551)",0.09
2517,2,"(790, 233)","(1037, 550)",0.09
2518,2,"(791, 234)","(1043, 559)",0.09
2519,2,"(795, 238)","(1047, 559)",0.09
2520,2,"(805, 231)","(1057, 551)",0.09
2521,2,"(809, 229)","(1061, 549)",0.10
2522,2,"(809, 229)","(1061, 549)",0.10
2523,2,"(812, 226)","(1063, 546)",0.10
2524,2,"(814, 223)","(1066, 545)",0.09
2525,2,"(817, 224)","(1072, 547)",0.09
2526,2,"(817, 224)","(1072, 549)",0.09
2527,2,"(818, 224)","(1073, 549)",0.09
2528,2,"(816, 223)","(1071, 550)",0.09
2529,2,"(820, 225)","(1075, 553)",0.08
2530,2,"(821, 228)","(1077, 553)",0.08
2531,2,"(821, 228)","(1077, 553)",0.08
2532,2,"(821, 228)","(1077, 553)",0.08
2533,2,"(821, 227)","(1077, 553)",0.08
2534,2,"(821, 227)","(1077, 553)",0.08
2535,2,"(821, 229)","(1076, 554)",0.08
2536,2,"(822, 232)","(1076, 555)",0.08
2537,2,"(822, 232)","(1075, 556)",0.08
2538,2,"(823, 234)","(1076, 557)",0.09
2539,2,"(825, 237)","(1074, 557)",0.10
2540,2,"(824, 240)","(1073, 559)",0.10
2541,2,"(824, 240)","(1071, 560)",0.10
2542,2,"(824, 240)","(1071, 560)",0.10
2543,2,"(823, 243)","(1070, 559)",0.10
2544,2,"(823, 242)","(1070, 558)",0.11
2545,2,"(823, 241)","(1068, 557)",0.10
2546,2,"(822, 239)","(1069, 559)",0.10
2547,2,"(822, 239)","(1069, 559)",0.10
2549,2,"(825, 235)","(1079, 558)",0.09
2550,2,"(852, 243)","(1106, 561)",0.21
2551,2,"(865, 242)","(1117, 566)",0.23
2552,2,"(868, 249)","(1115, 564)",0.24
2554,2,"(884, 246)","(1123, 561)",0.28
2555,2,"(887, 251)","(1123, 560)",0.27
2556,2,"(891, 252)","(1126, 561)",0.27
2557,2,"(891, 251)","(1126, 561)",0.27
2558,2,"(894, 251)","(1130, 561)",0.27
2559,2,"(898, 249)","(1133, 559)",0.27
2560,2,"(909, 249)","(1141, 557)",0.28
2561,2,"(911, 250)","(1143, 558)",0.28
2562,2,"(911, 250)","(1143, 558)",0.28
2563,2,"(915, 251)","(1146, 559)",0.28
2564,2,"(919, 253)","(1149, 561)",0.28
2570,2,"(924, 247)","(1161, 568)",0.26
2571,2,"(922, 244)","(1161, 570)",0.26
2572,2,"(922, 244)","(1161, 570)",0.26
2573,2,"(919, 244)","(1161, 573)",0.26
2574,2,"(919, 245)","(1162, 572)",0.26
2577,2,"(908, 248)","(1152, 561)",0.25
2578,2,"(908, 249)","(1152, 560)",0.26
2579,2,"(906, 248)","(1152, 554)",0.22
2580,2,"(889, 237)","(1138, 545)",0.18
2581,2,"(878, 233)","(1131, 546)",0.11
2582,2,"(866, 221)","(1120, 540)",0.09
2583,2,"(866, 220)","(1119, 540)",0.09
2584,2,"(854, 216)","(1108, 535)",0.09
2585,2,"(836, 207)","(1083, 534)",0.09
2586,2,"(823, 212)","(1076, 533)",0.11
2587,2,"(807, 213)","(1057, 533)",0.11
2588,2,"(807, 213)","(1057, 533)",0.11
2589,2,"(805, 219)","(1044, 542)",0.11
2590,2,"(805, 224)","(1047, 540)",0.11
2591,2,"(788, 218)","(1028, 538)",0.11
2592,2,"(787, 214)","(1025, 531)",0.10
2593,2,"(787, 215)","(1025, 532)",0.11
2594,2,"(791, 219)","(1023, 524)",0.12
2595,2,"(787, 216)","(1019, 520)",0.12
2596,2,"(786, 217)","(1017, 522)",0.13
2597,2,"(784, 219)","(1016, 522)",0.12
2598,2,"(784, 219)","(1017, 522)",0.12
2599,2,"(782, 219)","(1016, 525)",0.11
2600,2,"(782, 221)","(1015, 525)",0.11
2601,2,"(781, 222)","(1015, 525)",0.12
2602,2,"(780, 221)","(1019, 527)",0.11
2603,2,"(779, 221)","(1019, 529)",0.11
2604,2,"(779, 222)","(1022, 529)",0.11
2605,2,"(779, 206)","(1031, 533)",0.10
2606,2,"(780, 210)","(1035, 536)",0.10
2607,2,"(778, 213)","(1037, 540)",0.09
2608,2,"(778, 213)","(1038, 540)",0.09
2609,2,"(784, 214)","(1040, 536)",0.09
2610,2,"(783, 216)","(1042, 543)",0.10
2611,2,"(780, 212)","(1041, 542)",0.10
2612,2,"(786, 214)","(1035, 529)",0.10
2613,2,"(787, 215)","(1035, 530)",0.10
2614,2,"(787, 214)","(1035, 531)",0.10
2615,2,"(783, 207)","(1036, 537)",0.09
2616,2,"(800, 217)","(1045, 532)",0.09
2617,2,"(800, 218)","(1043, 532)",0.09
2618,2,"(800, 218)","(1043, 532)",0.09
2619,2,"(801, 218)","(1042, 532)",0.09
2620,2,"(799, 216)","(1041, 533)",0.09
2621,2,"(798, 215)","(1040, 533)",0.09
2622,2,"(799, 215)","(1041, 532)",0.10
2623,2,"(798, 214)","(1039, 533)",0.09
2624,2,"(796, 215)","(1038, 533)",0.09
2625,2,"(795, 214)","(1036, 532)",0.09
2626,2,"(797, 214)","(1037, 532)",0.09
2627,2,"(794, 215)","(1035, 532)",0.09
2628,2,"(794, 215)","(1035, 532)",0.09
2629,2,"(793, 214)","(1034, 533)",0.10
2630,2,"(792, 214)","(1033, 533)",0.09
2631,2,"(795, 215)","(1035, 532)",0.09
2632,2,"(793, 216)","(1034, 533)",0.09
2633,2,"(793, 215)","(1035, 533)",0.09
2634,2,"(790, 216)","(1032, 534)",0.09
2635,2,"(769, 217)","(1021, 539)",0.08
2636,2,"(769, 219)","(1022, 542)",0.08
2637,2,"(769, 220)","(1024, 547)",0.09
2638,2,"(768, 220)","(1025, 549)",0.09
2639,2,"(770, 221)","(1029, 555)",0.08
2640,2,"(772, 225)","(1035, 559)",0.08
2641,2,"(773, 225)","(1035, 559)",0.08
2642,2,"(774, 222)","(1035, 557)",0.08
2643,2,"(774, 222)","(1035, 557)",0.08
2644,2,"(775, 220)","(1033, 552)",0.08
2645,2,"(775, 219)","(1032, 548)",0.08
2646,2,"(776, 219)","(1033, 549)",0.08
2647,2,"(776, 221)","(1033, 550)",0.08
2648,2,"(776, 221)","(1034, 550)",0.08
2649,2,"(775, 222)","(1032, 552)",0.08
2650,2,"(775, 222)","(1035, 554)",0.08
2651,2,"(777, 222)","(1036, 555)",0.08
2652,2,"(778, 224)","(1038, 558)",0.08
2653,2,"(778, 224)","(1038, 557)",0.08
2654,2,"(778, 226)","(1038, 560)",0.08
2655,2,"(779, 223)","(1036, 553)",0.09
2656,2,"(782, 215)","(1030, 545)",0.08
2657,2,"(794, 215)","(1042, 539)",0.08
2658,2,"(780, 209)","(1034, 537)",0.08
2659,2,"(781, 206)","(1033, 531)",0.08
2660,2,"(780, 208)","(1035, 535)",0.09
2661,2,"(778, 212)","(1033, 540)",0.08
2662,2,"(777, 217)","(1032, 547)",0.08
2663,2,"(778, 215)","(1033, 549)",0.08
2664,2,"(778, 223)","(1029, 544)",0.08
2665,2,"(776, 230)","(1026, 544)",0.09
2666,2,"(776, 228)","(1026, 547)",0.09
2667,2,"(774, 229)","(1025, 549)",0.09
2668,2,"(774, 229)","(1025, 548)",0.09
2669,2,"(773, 229)","(1026, 551)",0.09
2670,2,"(780, 237)","(1022, 559)",0.10
2671,2,"(775, 235)","(1023, 554)",0.09
2672,2,"(779, 235)","(1022, 552)",0.10
2673,2,"(779, 235)","(1022, 552)",0.10
2674,2,"(775, 232)","(1023, 550)",0.10
2675,2,"(775, 228)","(1025, 549)",0.09
2676,2,"(777, 237)","(1021, 549)",0.10
2677,2,"(776, 239)","(1021, 555)",0.10
2678,2,"(776, 238)","(1021, 554)",0.10
2679,2,"(778, 240)","(1023, 556)",0.11
2680,2,"(784, 236)","(1033, 563)",0.09
2681,2,"(789, 235)","(1036, 563)",0.09
2682,2,"(794, 233)","(1042, 561)",0.08
2683,2,"(794, 233)","(1041, 561)",0.08
2684,2,"(798, 231)","(1046, 556)",0.08
2685,2,"(803, 227)","(1051, 554)",0.09
2686,2,"(804, 225)","(1055, 557)",0.09
2687,2,"(806, 226)","(1059, 558)",0.09
2688,2,"(807, 226)","(1058, 559)",0.09
2689,2,"(808, 224)","(1060, 560)",0.09
2690,2,"(810, 220)","(1063, 554)",0.08
2691,2,"(811, 216)","(1064, 547)",0.08
2692,2,"(814, 211)","(1067, 541)",0.08
2693,2,"(814, 211)","(1067, 541)",0.08
2694,2,"(813, 206)","(1069, 540)",0.08
2695,2,"(817, 206)","(1074, 539)",0.08
2696,2,"(821, 208)","(1075, 537)",0.08
2697,2,"(822, 208)","(1076, 535)",0.08
2698,2,"(821, 202)","(1079, 539)",0.07
2841,2,"(878, 280)","(891, 297)",0.27
2855,1,"(875, 281)","(889, 298)",0.27
2861,2,"(874, 280)","(888, 297)",0.25
2863,2,"(1076, 436)","(1089, 452)",0.14
2867,2,"(1076, 436)","(1089, 453)",0.13
2870,2,"(871, 280)","(885, 298)",0.25
2871,2,"(872, 281)","(885, 298)",0.27
2872,2,"(872, 281)","(886, 298)",0.26
3711,4,"(740, 375)","(872, 544)",0.13
3712,4,"(740, 375)","(872, 543)",0.13
3745,4,"(745, 359)","(885, 536)",0.14
3746,4,"(742, 357)","(884, 538)",0.15
3747,4,"(742, 357)","(884, 539)",0.15
3814,4,"(718, 324)","(864, 509)",0.14
3815,4,"(714, 320)","(861, 502)",0.15
3825,4,"(699, 301)","(855, 503)",0.14
3880,4,"(631, 204)","(824, 452)",0.13
3881,4,"(635, 206)","(819, 440)",0.13
3882,4,"(635, 201)","(820, 438)",0.15
3883,4,"(634, 201)","(820, 437)",0.15
3884,4,"(636, 199)","(820, 437)",0.15
3886,4,"(636, 200)","(817, 434)",0.15
3887,4,"(635, 199)","(818, 436)",0.15
3888,4,"(635, 199)","(817, 436)",0.15
3889,4,"(636, 200)","(819, 436)",0.15
3890,4,"(633, 206)","(818, 441)",0.14
3891,4,"(633, 206)","(819, 440)",0.14
3892,4,"(632, 205)","(820, 439)",0.14
3893,4,"(633, 205)","(820, 439)",0.13
3894,4,"(633, 204)","(820, 440)",0.13
3895,4,"(632, 205)","(819, 439)",0.13
3896,4,"(629, 204)","(818, 443)",0.13
3897,4,"(629, 202)","(818, 444)",0.14
3898,4,"(628, 203)","(817, 445)",0.14
3899,4,"(627, 201)","(818, 445)",0.14
3900,4,"(627, 198)","(820, 447)",0.14
3901,4,"(627, 198)","(820, 447)",0.14
3902,4,"(627, 198)","(820, 448)",0.13
3903,4,"(627, 197)","(821, 447)",0.13
3904,4,"(627, 197)","(820, 447)",0.14
3905,4,"(629, 199)","(818, 440)",0.14
3906,4,"(631, 197)","(819, 437)",0.14
3907,4,"(631, 195)","(819, 437)",0.14
3908,4,"(630, 195)","(820, 437)",0.14
3909,4,"(633, 196)","(820, 436)",0.14
3910,4,"(633, 194)","(822, 435)",0.14
3911,4,"(633, 192)","(822, 435)",0.14
3912,4,"(632, 190)","(822, 435)",0.14
3913,4,"(632, 190)","(823, 434)",0.14
3914,4,"(632, 190)","(823, 434)",0.14
3915,4,"(633, 186)","(824, 429)",0.15
3916,4,"(635, 190)","(820, 426)",0.13
3917,4,"(635, 184)","(825, 429)",0.15
3918,4,"(634, 184)","(824, 428)",0.14
3937,4,"(628, 172)","(822, 421)",0.14
3938,4,"(625, 171)","(823, 424)",0.14
3939,4,"(625, 170)","(823, 424)",0.15
3940,4,"(622, 166)","(821, 423)",0.16
3941,4,"(620, 166)","(820, 422)",0.15
3942,4,"(621, 166)","(819, 420)",0.15
3943,4,"(624, 167)","(817, 415)",0.15
3944,4,"(628, 170)","(815, 408)",0.14
3946,4,"(624, 166)","(813, 406)",0.14
3947,4,"(621, 162)","(814, 408)",0.15
3948,4,"(620, 161)","(815, 410)",0.15
3949,4,"(619, 162)","(812, 409)",0.15
3950,4,"(619, 164)","(811, 408)",0.14
4009,4,"(612, 158)","(792, 385)",0.14
4010,4,"(611, 158)","(791, 384)",0.14
4011,4,"(611, 158)","(792, 385)",0.14
4012,4,"(611, 157)","(792, 386)",0.14
4013,4,"(617, 157)","(792, 387)",0.10
